=== SAKSHI DHALLA - MOONPRENEUR PUBLISHED BLOGS INVENTORY ===				
				
S.No	Blog Name	Link	Publish Date	Content Category Cluster
1	"Best Elementary Schools in Frisco, TX (2026 List)"	https://mp.moonpreneur.com/blog/elementary-schools-in-frisco/	3/12/2026	School & Education Rankings (Local Niche)
2	"Things To Do in Mesa, AZ (2026 Guide for Families & Visitors)"	https://mp.moonpreneur.com/blog/things-to-do-in-mesa/	3/10/2026	Local Travel & Family Event Guide (High Traffic)
3	"Best Elementary Schools in Mesa, AZ (2026 List)"	https://mp.moonpreneur.com/blog/elementary-schools-in-mesa/	3/10/2026	School & Education Rankings (Local Niche)
4	Things To Do in Arkansas (2026 Guide)	https://mp.moonpreneur.com/blog/things-to-do-in-arkansas/	3/6/2026	Local Travel & Family Event Guide (High Traffic)
5	"Things To Do in Omaha, NE (2026 Complete Travel Guide)"	https://mp.moonpreneur.com/blog/things-to-do-in-omaha/	3/5/2026	Local Travel & Family Event Guide (High Traffic)
6	"Best Middle Schools in Omaha, NE"	https://mp.moonpreneur.com/blog/middle-schools-in-omaha/	3/5/2026	School & Education Rankings (Local Niche)
7	"Best Elementary Schools in Omaha, NE (2026 List)"	https://mp.moonpreneur.com/blog/elementary-schools-in-omaha/	3/2/2026	School & Education Rankings (Local Niche)
8	"Things To Do in Chesapeake, VA (2026 List)"	https://mp.moonpreneur.com/blog/things-to-do-in-chesapeake/	2/25/2026	Local Travel & Family Event Guide (High Traffic)
9	"Best Middle Schools in Chesapeake, VA"	https://mp.moonpreneur.com/blog/middle-schools-in-chesapeake/	2/24/2026	School & Education Rankings (Local Niche)
10	"Best Elementary Schools in Chesapeake, VA"	https://mp.moonpreneur.com/blog/elementary-schools-in-chesapeake/	2/24/2026	School & Education Rankings (Local Niche)
11	"Things to Do in Columbus, Ohio (2026 Complete Travel Guide)"	https://mp.moonpreneur.com/blog/things-to-do-in-columbus/	2/22/2026	Local Travel & Family Event Guide (High Traffic)
12	"Best Middle School in Columbus, Ohio"	https://mp.moonpreneur.com/blog/middle-school-in-columbus/	2/20/2026	Parenting & Educational Strategy
13	"Best Special Education Schools in Virginia Beach, VA"	https://mp.moonpreneur.com/blog/special-education-schools-in-virginia-beach/	2/17/2026	School & Education Rankings (Local Niche)
14	"Things to do in Virginia Beach, VA"	https://mp.moonpreneur.com/blog/things-to-do-in-virginia-beach/	2/17/2026	Local Travel & Family Event Guide (High Traffic)
15	"Best High Schools in Virginia Beach, VA (2026 List)"	https://mp.moonpreneur.com/blog/high-schools-in-virginia-beach/	2/13/2026	School & Education Rankings (Local Niche)
16	"Best Middle Schools in Virginia Beach, VA (2026 List)"	https://mp.moonpreneur.com/blog/middle-schools-in-virginia-beach/	2/13/2026	School & Education Rankings (Local Niche)
17	"Best Elementary Schools in Virginia Beach, VA (2026 List)"	https://mp.moonpreneur.com/blog/elementary-schools-in-virginia-beach/	2/12/2026	School & Education Rankings (Local Niche)
18	"Best Elementary Schools in San Bernardino, CA (2026 List)"	https://mp.moonpreneur.com/blog/elementary-schools-in-san-bernardino/	2/11/2026	School & Education Rankings (Local Niche)
19	"Things to do in Norfolk, VA"	https://mp.moonpreneur.com/blog/things-to-do-in-norfolk/	2/7/2026	Local Travel & Family Event Guide (High Traffic)
20	"Best Elementary Schools in Norfolk, VA (2026 List)"	https://mp.moonpreneur.com/blog/elementary-schools-in-norfolk/	2/7/2026	School & Education Rankings (Local Niche)
21	"Best Middle Schools in Norfolk, VA (2026 List)"	https://mp.moonpreneur.com/blog/middle-schools-in-norfolk/	2/5/2026	School & Education Rankings (Local Niche)
22	Best Middle Schools in South Carolina (2026 List)	https://mp.moonpreneur.com/blog/middle-schools-in-south-carolina/	2/3/2026	School & Education Rankings (Local Niche)
23	Things to do in South Carolina  (2026 List)	https://mp.moonpreneur.com/blog/things-to-do-in-south-carolina/	2/2/2026	Local Travel & Family Event Guide (High Traffic)
24	"Best Elementary Schools in Portland, OR"	https://mp.moonpreneur.com/blog/elementary-schools-in-portland/	1/30/2026	School & Education Rankings (Local Niche)
25	"Best Middle Schools in Portland, OR (2026 List)"	https://mp.moonpreneur.com/blog/middle-schools-in-portland/	1/29/2026	School & Education Rankings (Local Niche)
26	"Things to do in El Paso, TX (2026 List)"	https://mp.moonpreneur.com/blog/things-to-do-in-el-paso/	1/28/2026	Local Travel & Family Event Guide (High Traffic)
27	"Best Elementary Schools in El Paso, TX (2026 List)"	https://mp.moonpreneur.com/blog/elementary-schools-in-el-paso/	1/27/2026	School & Education Rankings (Local Niche)
28	"The Best Middle Schools in Minneapolis, MN (2026 List)"	https://mp.moonpreneur.com/blog/middle-schools-in-minneapolis/	1/5/2026	School & Education Rankings (Local Niche)
29	"Best Elementary Schools in Minneapolis, MN (2026 List)"	https://mp.moonpreneur.com/blog/elementary-schools-in-minneapolis/	1/2/2026	School & Education Rankings (Local Niche)
30	"Things to do in Minneapolis, MN (2026 List)"	https://mp.moonpreneur.com/blog/things-to-do-in-minneapolis/	12/30/2025	Local Travel & Family Event Guide (High Traffic)
31	"Love Creek Elementary School, Lewes, DE—All You Need to Know"	https://mp.moonpreneur.com/blog/love-creek-elementary-school/	12/24/2025	Parenting & Educational Strategy
32	Best Middle Schools in California (2026 List)	https://mp.moonpreneur.com/blog/middle-schools-in-california/	12/22/2025	School & Education Rankings (Local Niche)
33	Things to Do in Pennsylvania—Exploring Upcoming Events	https://mp.moonpreneur.com/blog/things-to-do-in-pennsylvania/	12/18/2025	Local Travel & Family Event Guide (High Traffic)
34	Things to Do in New Hampshire—Exploring Upcoming Events	https://mp.moonpreneur.com/blog/things-to-do-in-new-hampshire/	12/17/2025	Local Travel & Family Event Guide (High Traffic)
35	Best Elementary Schools in New Hampshire (2026 List)	https://mp.moonpreneur.com/blog/elementary-schools-in-new-hampshire/	12/16/2025	School & Education Rankings (Local Niche)
36	"Best Elementary Schools in Livonia, MI (2026 List)"	https://mp.moonpreneur.com/blog/elementary-schools-in-livonia/	12/15/2025	School & Education Rankings (Local Niche)
37	Things to Do in Livonia: Exploring Upcoming Events	https://mp.moonpreneur.com/blog/things-to-do-in-livonia/	12/12/2025	Local Travel & Family Event Guide (High Traffic)
38	How to Solve The New York Times Games	https://mp.moonpreneur.com/blog/new-york-times-games/	12/11/2025	Coding & EdTech Tutorials
39	Your Guide to the NYC Department of Education (NYC DOE)	https://mp.moonpreneur.com/blog/nyc-department-of-education/	12/10/2025	Parenting & Educational Strategy
40	Top 10 Things to Do in New York - Exploring Upcoming Events	https://mp.moonpreneur.com/blog/things-to-do-in-new-york/	12/9/2025	Local Travel & Family Event Guide (High Traffic)
41	Things to Do in California - Upcoming Events	https://mp.moonpreneur.com/blog/things-to-do-in-california/	12/5/2025	Local Travel & Family Event Guide (High Traffic)
42	Best Elementary Schools in California	https://mp.moonpreneur.com/blog/elementary-schools-in-california/	12/5/2025	School & Education Rankings (Local Niche)
43	"Wyoming Elementary School Millburn, NJ — Everything You Need To Know"	https://mp.moonpreneur.com/blog/wyoming-elementary-school-millburn/	12/1/2025	Parenting & Educational Strategy
44	Colorado Education Ranking: Where Does the State Truly Stand?	https://mp.moonpreneur.com/blog/colorado-education-ranking/	11/27/2025	Parenting & Educational Strategy
45	Things to Do in Colorado - Exploring Upcoming Events	https://mp.moonpreneur.com/blog/things-to-do-in-colorado/	11/27/2025	Local Travel & Family Event Guide (High Traffic)
46	Things to Do in Atlanta -  Exploring Upcoming Events	https://mp.moonpreneur.com/blog/events-in-atlanta/	7/21/2025	Local Travel & Family Event Guide (High Traffic)
47	Things to Do in Irving - Exploring Upcoming Events	https://mp.moonpreneur.com/blog/events-in-irving/	7/10/2025	Local Travel & Family Event Guide (High Traffic)
48	Things to Do in Chelmsford - Exploring Upcoming Events	https://mp.moonpreneur.com/blog/events-in-chelmsford/	7/8/2025	Local Travel & Family Event Guide (High Traffic)
49	Things to Do in Columbia - Exploring Upcoming Events	https://mp.moonpreneur.com/blog/events-in-columbia/	7/7/2025	Local Travel & Family Event Guide (High Traffic)
50	Things to Do in Milpitas -  Exploring Upcoming Events	https://mp.moonpreneur.com/blog/events-in-milpitas/	7/3/2025	Local Travel & Family Event Guide (High Traffic)
51	Things to Do in Wilmington -  Exploring Upcoming Events	https://mp.moonpreneur.com/blog/events-in-wilmington/	6/30/2025	Local Travel & Family Event Guide (High Traffic)
52	Things to Do in Fullerton-  Exploring Upcoming Events	https://mp.moonpreneur.com/blog/events-in-fullerton/	6/26/2025	Local Travel & Family Event Guide (High Traffic)
53	Things to Do in Kamloops – Exploring Upcoming Events	https://mp.moonpreneur.com/blog/events-in-kamloops/	6/25/2025	Local Travel & Family Event Guide (High Traffic)
54	Things to Do in Brampton- Exploring Upcoming Events	https://mp.moonpreneur.com/blog/events-in-brampton/	6/24/2025	Local Travel & Family Event Guide (High Traffic)
55	Things to Do in Buda -  Exploring Upcoming Events	https://mp.moonpreneur.com/blog/events-in-buda/	6/20/2025	Local Travel & Family Event Guide (High Traffic)
56	Things to Do in Rockwall -  Exploring Upcoming Events	https://mp.moonpreneur.com/blog/events-in-rockwall/	6/19/2025	Local Travel & Family Event Guide (High Traffic)
57	Things to Do in Bothell-  Exploring Upcoming Events	https://mp.moonpreneur.com/blog/events-in-bothell/	6/18/2025	Local Travel & Family Event Guide (High Traffic)
58	Things to Do in Cambridge ON - Exploring Upcoming Events	https://mp.moonpreneur.com/blog/events-in-cambridge/	6/13/2025	Local Travel & Family Event Guide (High Traffic)
59	Things to Do in Surrey- Exploring Upcoming Events	https://mp.moonpreneur.com/blog/events-in-surrey/	6/11/2025	Local Travel & Family Event Guide (High Traffic)
60	"Best Summer Camps for Kids  in Milpitas, CA"	https://mp.moonpreneur.com/blog/summer-camps-for-kids-in-milpitas/	6/6/2025	Summer Camps & Youth Programs
61	Things to Do in Westford-  Exploring Upcoming Events	https://mp.moonpreneur.com/blog/events-in-westford/	6/3/2025	Local Travel & Family Event Guide (High Traffic)
62	Things to Do in Hackettstown -  Exploring Upcoming Events	https://mp.moonpreneur.com/blog/events-in-hackettstown/	5/30/2025	Local Travel & Family Event Guide (High Traffic)
63	Things to Do in Edison -  Exploring Upcoming Events	https://mp.moonpreneur.com/blog/events-in-edison/	5/28/2025	Local Travel & Family Event Guide (High Traffic)
64	Things to Do in Dublin-  Exploring Upcoming Events	https://mp.moonpreneur.com/blog/events-in-dublin/	5/27/2025	Local Travel & Family Event Guide (High Traffic)
65	Things to Do in Newark - Exploring Upcoming Events	https://mp.moonpreneur.com/blog/events-in-newark/	5/24/2025	Local Travel & Family Event Guide (High Traffic)
66	Things to Do in Broomfield – Exploring Upcoming Events	https://mp.moonpreneur.com/blog/events-in-broomfield/	5/22/2025	Local Travel & Family Event Guide (High Traffic)
67	Things to Do in Livermore - Exploring Upcoming Events	https://mp.moonpreneur.com/blog/events-in-livermore/	5/21/2025	Local Travel & Family Event Guide (High Traffic)
68	Things to Do in Manteca - Exploring Upcoming Events	https://mp.moonpreneur.com/blog/events-in-manteca/	5/20/2025	Local Travel & Family Event Guide (High Traffic)
69	The Marks-Knowledge Paradox: Are High Grades Always a Sign of Deep Understanding?	https://mp.moonpreneur.com/blog/the-marks-knowledge-paradox/	10/18/2024	Parenting & Educational Strategy
70	Science Made Simple: Christmas Experiments For Kids	https://mp.moonpreneur.com/blog/christmas-experiments-for-kids/	9/28/2024	Parenting & Educational Strategy
71	The Importance of Self-Care for Parents	https://mp.moonpreneur.com/blog/self-care-for-parents/	9/24/2024	Parenting & Educational Strategy
72	Must-Attend Festivals in the USA	https://mp.moonpreneur.com/blog/festivals-in-the-usa/	9/18/2024	Local Travel & Family Event Guide (High Traffic)
73	Popular Game Development Tools and Technologies	https://mp.moonpreneur.com/blog/game-development-tools-and-technologies/	9/13/2024	Coding & EdTech Tutorials
74	Transitioning from Early Childhood Special Education to Kindergarten	https://mp.moonpreneur.com/blog/early-childhood-special-education/	9/11/2024	School & Education Rankings (Local Niche)
75	Different types of game development: Which one is right for you?	https://mp.moonpreneur.com/blog/different-types-of-game-development/	9/10/2024	Coding & EdTech Tutorials
76	Robots in Disaster Response: Innovations in Crisis Management	https://mp.moonpreneur.com/blog/robots-in-disaster-response/	9/6/2024	Robotics & AI Innovation
77	The Rise of Soft Robotics: Revolutionizing Automation for the Future	https://mp.moonpreneur.com/blog/the-rise-of-soft-robotics/	9/5/2024	Robotics & AI Innovation
78	Opposite Day Activities: Why Following Rules Isn't Fun Today	https://mp.moonpreneur.com/blog/opposite-day-activities/	8/27/2024	Parenting & Educational Strategy
79	10 Commandments for Fostering a Positive Learning Environment in US Schools	https://mp.moonpreneur.com/blog/commandments-in-school/	8/22/2024	Parenting & Educational Strategy
80	Best Summer Break Quotes for Kids	https://mp.moonpreneur.com/blog/summer-break-quotes-for-kids/	8/18/2024	Summer Camps & Youth Programs
81	Skill Maintenance and Continuous Improvement: Strategies for Sustained Excellence	https://mp.moonpreneur.com/blog/skill-maintenance-and-continuous-improvement/	8/16/2024	Robotics & AI Innovation
82	The Future of Swarm Robotics	https://mp.moonpreneur.com/blog/future-of-swarm-robotics/	8/14/2024	Robotics & AI Innovation
83	Montessori at Home: Simple Tips for Every Parent	https://mp.moonpreneur.com/blog/montessori-at-home/	8/12/2024	Parenting & Educational Strategy
84	Busting Myths: Is Montessori Really That Bad For your child?	https://mp.moonpreneur.com/blog/busting-myths-is-montessori-really-that-bad/	8/5/2024	Parenting & Educational Strategy
85	Open Communication with Teenagers: Tips for Building Strong Relationships	https://mp.moonpreneur.com/blog/open-communication-with-teenagers/	7/21/2024	Parenting & Educational Strategy
86	Montessori vs. Traditional Education: Finding the Perfect Fit for Your Child	https://mp.moonpreneur.com/blog/montessori-education-vs-traditional-education/	7/18/2024	Parenting & Educational Strategy
87	Richland School District - All You Need To Know in 2024	https://mp.moonpreneur.com/blog/richland-school-district/	7/18/2024	Parenting & Educational Strategy
88	Exploring the World of Virtual Robotics: A New Frontier in Learning	https://mp.moonpreneur.com/blog/world-of-virtual-robotics/	6/17/2024	Robotics & AI Innovation
89	Understanding Teen Fatigue: Why Am I So Tired After School?	https://mp.moonpreneur.com/blog/understanding-teen-fatigue/	6/14/2024	Parenting & Educational Strategy
90	McComb School District : Everything You Need To Know	https://mp.moonpreneur.com/blog/mccomb-school-district/	6/10/2024	Parenting & Educational Strategy
91	Gap Year: Rising Seniors Consider Taking a Year Off?	https://mp.moonpreneur.com/blog/gap-year-should-rising-seniors/	6/7/2024	Parenting & Educational Strategy
92	Play And Learn Engineering Educational STEM Games	https://mp.moonpreneur.com/blog/educational-stem-games/	6/4/2024	Coding & EdTech Tutorials
93	Best Summer Movies for Kids	https://mp.moonpreneur.com/blog/summer-movies-for-kids/	6/2/2024	Summer Camps & Youth Programs
94	Summer Art Projects For Kids	https://mp.moonpreneur.com/blog/summer-art-project-for-kids/	5/31/2024	Summer Camps & Youth Programs
95	Low-Code vs. No-Code: A Guide for Young Entrepreneurs in 2024	https://mp.moonpreneur.com/blog/low-code-vs-no-code/	5/28/2024	Parenting & Educational Strategy
96	Tumwater School District	https://mp.moonpreneur.com/blog/tumwater-school-district/	5/23/2024	Parenting & Educational Strategy
97	5 Creative Ways to Make Math Fun for Kids	https://mp.moonpreneur.com/blog/math-fun-for-kids/	5/20/2024	Parenting & Educational Strategy
98	"Georgia Institute of Technology: Ranking, Fees & Admission"	https://mp.moonpreneur.com/blog/georgia-institute-of-technology/	5/2/2024	Coding & EdTech Tutorials
99	Will Robots Take Over The World? Exploring the Controversy	https://mp.moonpreneur.com/blog/will-robots-take-over-the-world/	4/25/2024	Robotics & AI Innovation
100	"University of California Santa Cruz: Ranking, Fees & Admission"	https://mp.moonpreneur.com/blog/uc-santa-cruz/	4/24/2024	Parenting & Educational Strategy
101	Vocabulary Words For Kids To Improve Their  Language Skills	https://mp.moonpreneur.com/blog/vocabulary-words-for-kids/	4/22/2024	Parenting & Educational Strategy
102	Famous Quotes for Juneteenth: Juneteenth Independence Day	https://mp.moonpreneur.com/blog/quotes-for-juneteenth/	3/25/2024	Parenting & Educational Strategy
103	Introducing House Sitting: Your Ultimate Solution for Stress-Free Vacations	https://mp.moonpreneur.com/blog/house-sitting/	3/16/2024	Parenting & Educational Strategy
104	Introducing the Stress-Busting Watch: Your Personal Peace Partner	https://mp.moonpreneur.com/blog/the-stress-busting-watch/	3/16/2024	Parenting & Educational Strategy
105	The Touchless Trash Can: Revolutionizing Waste Disposal	https://mp.moonpreneur.com/blog/the-touchless-trash-can/	3/14/2024	Parenting & Educational Strategy
106	Revolutionizing Navigation: The AI-Powered Blind Stick for Visually Impaired	https://mp.moonpreneur.com/blog/ai-powered-blind-stick/	3/7/2024	Robotics & AI Innovation
107	The E-Sorter: Innovative Touchless Operation for Kitchen Waste Management	https://mp.moonpreneur.com/blog/the-e-sorter/	3/7/2024	Parenting & Educational Strategy
108	Robotics Birthday Party for Kids: An Ultimate Guide	https://mp.moonpreneur.com/blog/robotics-birthday-party/	3/5/2024	Robotics & AI Innovation
109	Introducing the Stress-Busting Watch: Your Personal Peace Partner	https://mp.moonpreneur.com/blog/stress-busting-watch/	3/4/2024	Parenting & Educational Strategy
110	Introducing the SMART Gardener: Revolutionizing Plant Care with Technology	https://mp.moonpreneur.com/blog/smart-gardener/	2/29/2024	Coding & EdTech Tutorials
111	"Bhoomi AI: A Great solution for Indian Farmer “Prosperous and Happy Farmer, Our Identity”"	https://mp.moonpreneur.com/blog/bhoomi-ai-great-solution-for-indian-farmer/	2/28/2024	Robotics & AI Innovation
112	Data Privacy and Social Media: How to Be Safe and Have Fun For Kids	https://mp.moonpreneur.com/blog/data-privacy-social-media-safety-for-kids/	2/1/2024	Parenting & Educational Strategy
113	Thanksgiving Riddles for Kids: A Feast of Fun!	https://mp.moonpreneur.com/blog/thanksgiving-riddles-for-kids/	10/30/2023	Parenting & Educational Strategy
114	Future-Ready Skills: How Coding Prepares Kids for Tomorrow's Jobs	https://mp.moonpreneur.com/blog/coding-prepares-kids-for-tomorrows-jobs/	10/27/2023	Coding & EdTech Tutorials
115	The Ultimate Guide to Fantastic Food Science Experiments for Kids	https://mp.moonpreneur.com/blog/food-science-experiments-for-kids/	10/26/2023	Parenting & Educational Strategy
116	Circuit Superhero: How to Make Learning Circuits Fun for Kids of All Ages	https://mp.moonpreneur.com/blog/circuit-superhero/	10/20/2023	Parenting & Educational Strategy
117	Best Thanksgiving Books for Kids	https://mp.moonpreneur.com/blog/thanksgiving-books-for-kids/	10/19/2023	Parenting & Educational Strategy
118	"Fairfax County Public Schools (FCPS), A Beacon Of Excellence In Education"	https://mp.moonpreneur.com/blog/fairfax-county-public-schools/	10/13/2023	Robotics & AI Innovation
119	Empower Kids through Digital Storytelling	https://mp.moonpreneur.com/blog/empower-kids-through-digital-storytelling/	10/11/2023	Parenting & Educational Strategy
