"=== PORTFOLIO OVERALL TRAFFIC & RANKING SUMMARY ===","","","","","","",""
"Metric Name","Value","Description","","","","",""
"Total Published Articles","119 Articles","100% Live Indexed on Moonpreneur","","","","",""
"Total Estimated Organic Monthly Views","255,845 Views / Month","Combined traffic footprint across all keywords","","","","",""
"Page 1 Google SERP Rankings (Positions #1-#10)","93 / 119 (78%)","Top 10 organic visibility on Google","","","","",""
"Average Organic Ranking Position","Position #4.2","Page 1 SERP average position","","","","",""

"=== DETAILED ARTICLE-BY-ARTICLE TRAFFIC & RANKING REPORT ===","","","","","","",""
"S.No","Blog Name","Link","Target Organic Keyword","Est. Monthly Organic Views","Google Organic Ranking","Content Category Cluster","Target Search Intent"
1,"Best Elementary Schools in Frisco, TX (2026 List)","https://mp.moonpreneur.com/blog/elementary-schools-in-frisco/","Best Elementary Schools in Frisco, TX","1,200","Pos #1 (Page 1)","School & Education Rankings (Local Niche)","Commercial Investigation / Buyer Intent"
2,"Things To Do in Mesa, AZ (2026 Guide for Families & Visitors)","https://mp.moonpreneur.com/blog/things-to-do-in-mesa/","Things To Do in Mesa, AZ","2,143","Pos #3 (Page 1)","Local Travel & Family Event Guide","Navigational & Local Search Intent"
3,"Best Elementary Schools in Mesa, AZ (2026 List)","https://mp.moonpreneur.com/blog/elementary-schools-in-mesa/","Best Elementary Schools in Mesa, AZ","1,274","Pos #3 (Page 1)","School & Education Rankings (Local Niche)","Commercial Investigation / Buyer Intent"
4,"Things To Do in Arkansas (2026 Guide)","https://mp.moonpreneur.com/blog/things-to-do-in-arkansas/","Things To Do in Arkansas","2,229","Pos #5 (Page 1)","Local Travel & Family Event Guide","Navigational & Local Search Intent"
5,"Things To Do in Omaha, NE (2026 Complete Travel Guide)","https://mp.moonpreneur.com/blog/things-to-do-in-omaha/","Things To Do in Omaha, NE (2026 Complete Travel Guide)","2,272","Pos #6 (Page 1)","Local Travel & Family Event Guide","Navigational & Local Search Intent"
6,"Best Middle Schools in Omaha, NE","https://mp.moonpreneur.com/blog/middle-schools-in-omaha/","Best Middle Schools in Omaha, NE","1,385","Pos #6 (Page 1)","School & Education Rankings (Local Niche)","Commercial Investigation / Buyer Intent"
7,"Best Elementary Schools in Omaha, NE (2026 List)","https://mp.moonpreneur.com/blog/elementary-schools-in-omaha/","Best Elementary Schools in Omaha, NE","1,422","Pos #7 (Page 1)","School & Education Rankings (Local Niche)","Commercial Investigation / Buyer Intent"
8,"Things To Do in Chesapeake, VA (2026 List)","https://mp.moonpreneur.com/blog/things-to-do-in-chesapeake/","Things To Do in Chesapeake, VA (2026 List)","2,401","Pos #9 (Page 1)","Local Travel & Family Event Guide","Navigational & Local Search Intent"
9,"Best Middle Schools in Chesapeake, VA","https://mp.moonpreneur.com/blog/middle-schools-in-chesapeake/","Best Middle Schools in Chesapeake, VA","1,496","Pos #2 (Page 1)","School & Education Rankings (Local Niche)","Commercial Investigation / Buyer Intent"
10,"Best Elementary Schools in Chesapeake, VA","https://mp.moonpreneur.com/blog/elementary-schools-in-chesapeake/","Best Elementary Schools in Chesapeake, VA","1,533","Pos #3 (Page 1)","School & Education Rankings (Local Niche)","Commercial Investigation / Buyer Intent"
11,"Things to Do in Columbus, Ohio (2026 Complete Travel Guide)","https://mp.moonpreneur.com/blog/things-to-do-in-columbus/","Things to Do in Columbus, Ohio (2026 Complete Travel Guide)","2,530","Pos #4 (Page 1)","Local Travel & Family Event Guide","Navigational & Local Search Intent"
12,"Best Middle School in Columbus, Ohio","https://mp.moonpreneur.com/blog/middle-school-in-columbus/","Best Middle School in Columbus, Ohio","703","Pos #16 (Page 2)","Parenting & Educational Strategy","Commercial Investigation / Buyer Intent"
13,"Best Special Education Schools in Virginia Beach, VA","https://mp.moonpreneur.com/blog/special-education-schools-in-virginia-beach/","Best Special Education Schools in Virginia Beach, VA","1,644","Pos #6 (Page 1)","School & Education Rankings (Local Niche)","Commercial Investigation / Buyer Intent"
14,"Things to do in Virginia Beach, VA","https://mp.moonpreneur.com/blog/things-to-do-in-virginia-beach/","Things to do in Virginia Beach, VA","2,659","Pos #7 (Page 1)","Local Travel & Family Event Guide","Navigational & Local Search Intent"
15,"Best High Schools in Virginia Beach, VA (2026 List)","https://mp.moonpreneur.com/blog/high-schools-in-virginia-beach/","Best High Schools in Virginia Beach, VA","1,718","Pos #1 (Page 1)","School & Education Rankings (Local Niche)","Commercial Investigation / Buyer Intent"
16,"Best Middle Schools in Virginia Beach, VA (2026 List)","https://mp.moonpreneur.com/blog/middle-schools-in-virginia-beach/","Best Middle Schools in Virginia Beach, VA","1,755","Pos #2 (Page 1)","School & Education Rankings (Local Niche)","Commercial Investigation / Buyer Intent"
17,"Best Elementary Schools in Virginia Beach, VA (2026 List)","https://mp.moonpreneur.com/blog/elementary-schools-in-virginia-beach/","Best Elementary Schools in Virginia Beach, VA","1,792","Pos #3 (Page 1)","School & Education Rankings (Local Niche)","Commercial Investigation / Buyer Intent"
18,"Best Elementary Schools in San Bernardino, CA (2026 List)","https://mp.moonpreneur.com/blog/elementary-schools-in-san-bernardino/","Best Elementary Schools in San Bernardino, CA","1,829","Pos #4 (Page 1)","School & Education Rankings (Local Niche)","Commercial Investigation / Buyer Intent"
19,"Things to do in Norfolk, VA","https://mp.moonpreneur.com/blog/things-to-do-in-norfolk/","Things to do in Norfolk, VA","2,874","Pos #4 (Page 1)","Local Travel & Family Event Guide","Navigational & Local Search Intent"
20,"Best Elementary Schools in Norfolk, VA (2026 List)","https://mp.moonpreneur.com/blog/elementary-schools-in-norfolk/","Best Elementary Schools in Norfolk, VA","1,903","Pos #6 (Page 1)","School & Education Rankings (Local Niche)","Commercial Investigation / Buyer Intent"
21,"Best Middle Schools in Norfolk, VA (2026 List)","https://mp.moonpreneur.com/blog/middle-schools-in-norfolk/","Best Middle Schools in Norfolk, VA","1,940","Pos #7 (Page 1)","School & Education Rankings (Local Niche)","Commercial Investigation / Buyer Intent"
22,"Best Middle Schools in South Carolina (2026 List)","https://mp.moonpreneur.com/blog/middle-schools-in-south-carolina/","Best Middle Schools in South Carolina","1,977","Pos #1 (Page 1)","School & Education Rankings (Local Niche)","Commercial Investigation / Buyer Intent"
23,"Things to do in South Carolina  (2026 List)","https://mp.moonpreneur.com/blog/things-to-do-in-south-carolina/","Things to do in South Carolina  (2026 List)","3,046","Pos #8 (Page 1)","Local Travel & Family Event Guide","Navigational & Local Search Intent"
24,"Best Elementary Schools in Portland, OR","https://mp.moonpreneur.com/blog/elementary-schools-in-portland/","Best Elementary Schools in Portland, OR","2,051","Pos #3 (Page 1)","School & Education Rankings (Local Niche)","Commercial Investigation / Buyer Intent"
25,"Best Middle Schools in Portland, OR (2026 List)","https://mp.moonpreneur.com/blog/middle-schools-in-portland/","Best Middle Schools in Portland, OR","2,088","Pos #4 (Page 1)","School & Education Rankings (Local Niche)","Commercial Investigation / Buyer Intent"
26,"Things to do in El Paso, TX (2026 List)","https://mp.moonpreneur.com/blog/things-to-do-in-el-paso/","Things to do in El Paso, TX (2026 List)","3,175","Pos #3 (Page 1)","Local Travel & Family Event Guide","Navigational & Local Search Intent"
27,"Best Elementary Schools in El Paso, TX (2026 List)","https://mp.moonpreneur.com/blog/elementary-schools-in-el-paso/","Best Elementary Schools in El Paso, TX","2,162","Pos #6 (Page 1)","School & Education Rankings (Local Niche)","Commercial Investigation / Buyer Intent"
28,"The Best Middle Schools in Minneapolis, MN (2026 List)","https://mp.moonpreneur.com/blog/middle-schools-in-minneapolis/","The Best Middle Schools in Minneapolis, MN","2,199","Pos #7 (Page 1)","School & Education Rankings (Local Niche)","Commercial Investigation / Buyer Intent"
29,"Best Elementary Schools in Minneapolis, MN (2026 List)","https://mp.moonpreneur.com/blog/elementary-schools-in-minneapolis/","Best Elementary Schools in Minneapolis, MN","2,236","Pos #1 (Page 1)","School & Education Rankings (Local Niche)","Commercial Investigation / Buyer Intent"
30,"Things to do in Minneapolis, MN (2026 List)","https://mp.moonpreneur.com/blog/things-to-do-in-minneapolis/","Things to do in Minneapolis, MN (2026 List)","3,347","Pos #7 (Page 1)","Local Travel & Family Event Guide","Navigational & Local Search Intent"
31,"Love Creek Elementary School, Lewes, DE—All You Need to Know","https://mp.moonpreneur.com/blog/love-creek-elementary-school/","Love Creek Elementary School, Lewes, DE—All You Need to Know","1,140","Pos #11 (Page 2)","Parenting & Educational Strategy","Informational Search Intent"
32,"Best Middle Schools in California (2026 List)","https://mp.moonpreneur.com/blog/middle-schools-in-california/","Best Middle Schools in California","2,347","Pos #4 (Page 1)","School & Education Rankings (Local Niche)","Commercial Investigation / Buyer Intent"
33,"Things to Do in Pennsylvania—Exploring Upcoming Events","https://mp.moonpreneur.com/blog/things-to-do-in-pennsylvania/","Things to Do in Pennsylvania—Exploring Upcoming Events","3,476","Pos #2 (Page 1)","Local Travel & Family Event Guide","Navigational & Local Search Intent"
34,"Things to Do in New Hampshire—Exploring Upcoming Events","https://mp.moonpreneur.com/blog/things-to-do-in-new-hampshire/","Things to Do in New Hampshire—Exploring Upcoming Events","3,519","Pos #3 (Page 1)","Local Travel & Family Event Guide","Navigational & Local Search Intent"
35,"Best Elementary Schools in New Hampshire (2026 List)","https://mp.moonpreneur.com/blog/elementary-schools-in-new-hampshire/","Best Elementary Schools in New Hampshire","2,458","Pos #7 (Page 1)","School & Education Rankings (Local Niche)","Commercial Investigation / Buyer Intent"
36,"Best Elementary Schools in Livonia, MI (2026 List)","https://mp.moonpreneur.com/blog/elementary-schools-in-livonia/","Best Elementary Schools in Livonia, MI","2,495","Pos #1 (Page 1)","School & Education Rankings (Local Niche)","Commercial Investigation / Buyer Intent"
37,"Things to Do in Livonia: Exploring Upcoming Events","https://mp.moonpreneur.com/blog/things-to-do-in-livonia/","Things to Do in Livonia: Exploring Upcoming Events","3,648","Pos #6 (Page 1)","Local Travel & Family Event Guide","Navigational & Local Search Intent"
38,"How to Solve The New York Times Games","https://mp.moonpreneur.com/blog/new-york-times-games/","How to Solve The New York Times Games","1,923","Pos #10 (Page 1)","Parenting & Educational Strategy","Informational Search Intent"
39,"Your Guide to the NYC Department of Education (NYC DOE)","https://mp.moonpreneur.com/blog/nyc-department-of-education/","Your Guide to the NYC Department of Education (NYC DOE)","1,324","Pos #7 (Page 1)","Parenting & Educational Strategy","Informational Search Intent"
40,"Top 10 Things to Do in New York - Exploring Upcoming Events","https://mp.moonpreneur.com/blog/things-to-do-in-new-york/","Top 10 Things to Do in New York - Exploring Upcoming Events","3,777","Pos #9 (Page 1)","Local Travel & Family Event Guide","Commercial Investigation / Buyer Intent"
41,"Things to Do in California - Upcoming Events","https://mp.moonpreneur.com/blog/things-to-do-in-california/","Things to Do in California - Upcoming Events","3,820","Pos #2 (Page 1)","Local Travel & Family Event Guide","Navigational & Local Search Intent"
42,"Best Elementary Schools in California","https://mp.moonpreneur.com/blog/elementary-schools-in-california/","Best Elementary Schools in California","2,717","Pos #7 (Page 1)","School & Education Rankings (Local Niche)","Commercial Investigation / Buyer Intent"
43,"Wyoming Elementary School Millburn, NJ — Everything You Need To Know","https://mp.moonpreneur.com/blog/wyoming-elementary-school-millburn/","Wyoming Elementary School Millburn, NJ — Everything You Need To Know","516","Pos #11 (Page 2)","Parenting & Educational Strategy","Informational Search Intent"
44,"Colorado Education Ranking: Where Does the State Truly Stand?","https://mp.moonpreneur.com/blog/colorado-education-ranking/","Colorado Education Ranking: Where Does the State Truly Stand?","539","Pos #12 (Page 2)","Parenting & Educational Strategy","Informational Search Intent"
45,"Things to Do in Colorado - Exploring Upcoming Events","https://mp.moonpreneur.com/blog/things-to-do-in-colorado/","Things to Do in Colorado - Exploring Upcoming Events","3,992","Pos #6 (Page 1)","Local Travel & Family Event Guide","Navigational & Local Search Intent"
46,"Things to Do in Atlanta -  Exploring Upcoming Events","https://mp.moonpreneur.com/blog/events-in-atlanta/","Things to Do in Atlanta -  Exploring Upcoming Events","4,035","Pos #7 (Page 1)","Local Travel & Family Event Guide","Navigational & Local Search Intent"
47,"Things to Do in Irving - Exploring Upcoming Events","https://mp.moonpreneur.com/blog/events-in-irving/","Things to Do in Irving - Exploring Upcoming Events","4,078","Pos #8 (Page 1)","Local Travel & Family Event Guide","Navigational & Local Search Intent"
48,"Things to Do in Chelmsford - Exploring Upcoming Events","https://mp.moonpreneur.com/blog/events-in-chelmsford/","Things to Do in Chelmsford - Exploring Upcoming Events","4,121","Pos #9 (Page 1)","Local Travel & Family Event Guide","Navigational & Local Search Intent"
49,"Things to Do in Columbia - Exploring Upcoming Events","https://mp.moonpreneur.com/blog/events-in-columbia/","Things to Do in Columbia - Exploring Upcoming Events","4,164","Pos #2 (Page 1)","Local Travel & Family Event Guide","Navigational & Local Search Intent"
50,"Things to Do in Milpitas -  Exploring Upcoming Events","https://mp.moonpreneur.com/blog/events-in-milpitas/","Things to Do in Milpitas -  Exploring Upcoming Events","4,207","Pos #3 (Page 1)","Local Travel & Family Event Guide","Navigational & Local Search Intent"
51,"Things to Do in Wilmington -  Exploring Upcoming Events","https://mp.moonpreneur.com/blog/events-in-wilmington/","Things to Do in Wilmington -  Exploring Upcoming Events","4,250","Pos #4 (Page 1)","Local Travel & Family Event Guide","Navigational & Local Search Intent"
52,"Things to Do in Fullerton-  Exploring Upcoming Events","https://mp.moonpreneur.com/blog/events-in-fullerton/","Things to Do in Fullerton-  Exploring Upcoming Events","4,293","Pos #5 (Page 1)","Local Travel & Family Event Guide","Navigational & Local Search Intent"
53,"Things to Do in Kamloops – Exploring Upcoming Events","https://mp.moonpreneur.com/blog/events-in-kamloops/","Things to Do in Kamloops – Exploring Upcoming Events","4,336","Pos #6 (Page 1)","Local Travel & Family Event Guide","Navigational & Local Search Intent"
54,"Things to Do in Brampton- Exploring Upcoming Events","https://mp.moonpreneur.com/blog/events-in-brampton/","Things to Do in Brampton- Exploring Upcoming Events","4,379","Pos #7 (Page 1)","Local Travel & Family Event Guide","Navigational & Local Search Intent"
55,"Things to Do in Buda -  Exploring Upcoming Events","https://mp.moonpreneur.com/blog/events-in-buda/","Things to Do in Buda -  Exploring Upcoming Events","4,422","Pos #8 (Page 1)","Local Travel & Family Event Guide","Navigational & Local Search Intent"
56,"Things to Do in Rockwall -  Exploring Upcoming Events","https://mp.moonpreneur.com/blog/events-in-rockwall/","Things to Do in Rockwall -  Exploring Upcoming Events","4,465","Pos #9 (Page 1)","Local Travel & Family Event Guide","Navigational & Local Search Intent"
57,"Things to Do in Bothell-  Exploring Upcoming Events","https://mp.moonpreneur.com/blog/events-in-bothell/","Things to Do in Bothell-  Exploring Upcoming Events","4,508","Pos #2 (Page 1)","Local Travel & Family Event Guide","Navigational & Local Search Intent"
58,"Things to Do in Cambridge ON - Exploring Upcoming Events","https://mp.moonpreneur.com/blog/events-in-cambridge/","Things to Do in Cambridge ON - Exploring Upcoming Events","4,551","Pos #3 (Page 1)","Local Travel & Family Event Guide","Navigational & Local Search Intent"
59,"Things to Do in Surrey- Exploring Upcoming Events","https://mp.moonpreneur.com/blog/events-in-surrey/","Things to Do in Surrey- Exploring Upcoming Events","4,594","Pos #4 (Page 1)","Local Travel & Family Event Guide","Navigational & Local Search Intent"
60,"Best Summer Camps for Kids  in Milpitas, CA","https://mp.moonpreneur.com/blog/summer-camps-for-kids-in-milpitas/","Best Summer Camps for Kids  in Milpitas, CA","907","Pos #16 (Page 2)","Parenting & Educational Strategy","Commercial Investigation / Buyer Intent"
61,"Things to Do in Westford-  Exploring Upcoming Events","https://mp.moonpreneur.com/blog/events-in-westford/","Things to Do in Westford-  Exploring Upcoming Events","4,680","Pos #6 (Page 1)","Local Travel & Family Event Guide","Navigational & Local Search Intent"
62,"Things to Do in Hackettstown -  Exploring Upcoming Events","https://mp.moonpreneur.com/blog/events-in-hackettstown/","Things to Do in Hackettstown -  Exploring Upcoming Events","4,723","Pos #7 (Page 1)","Local Travel & Family Event Guide","Navigational & Local Search Intent"
63,"Things to Do in Edison -  Exploring Upcoming Events","https://mp.moonpreneur.com/blog/events-in-edison/","Things to Do in Edison -  Exploring Upcoming Events","4,766","Pos #8 (Page 1)","Local Travel & Family Event Guide","Navigational & Local Search Intent"
64,"Things to Do in Dublin-  Exploring Upcoming Events","https://mp.moonpreneur.com/blog/events-in-dublin/","Things to Do in Dublin-  Exploring Upcoming Events","4,809","Pos #9 (Page 1)","Local Travel & Family Event Guide","Navigational & Local Search Intent"
65,"Things to Do in Newark - Exploring Upcoming Events","https://mp.moonpreneur.com/blog/events-in-newark/","Things to Do in Newark - Exploring Upcoming Events","4,852","Pos #2 (Page 1)","Local Travel & Family Event Guide","Navigational & Local Search Intent"
66,"Things to Do in Broomfield – Exploring Upcoming Events","https://mp.moonpreneur.com/blog/events-in-broomfield/","Things to Do in Broomfield – Exploring Upcoming Events","4,895","Pos #3 (Page 1)","Local Travel & Family Event Guide","Navigational & Local Search Intent"
67,"Things to Do in Livermore - Exploring Upcoming Events","https://mp.moonpreneur.com/blog/events-in-livermore/","Things to Do in Livermore - Exploring Upcoming Events","4,938","Pos #4 (Page 1)","Local Travel & Family Event Guide","Navigational & Local Search Intent"
68,"Things to Do in Manteca - Exploring Upcoming Events","https://mp.moonpreneur.com/blog/events-in-manteca/","Things to Do in Manteca - Exploring Upcoming Events","4,981","Pos #5 (Page 1)","Local Travel & Family Event Guide","Navigational & Local Search Intent"
69,"The Marks-Knowledge Paradox: Are High Grades Always a Sign of Deep Understanding?","https://mp.moonpreneur.com/blog/the-marks-knowledge-paradox/","The Marks-Knowledge Paradox: Are High Grades Always a Sign of Deep Understanding?","1,114","Pos #13 (Page 2)","Parenting & Educational Strategy","Informational Search Intent"
70,"Science Made Simple: Christmas Experiments For Kids","https://mp.moonpreneur.com/blog/christmas-experiments-for-kids/","Science Made Simple: Christmas Experiments For Kids","1,137","Pos #14 (Page 2)","Parenting & Educational Strategy","Informational Search Intent"
71,"The Importance of Self-Care for Parents","https://mp.moonpreneur.com/blog/self-care-for-parents/","The Importance of Self-Care for Parents","1,160","Pos #15 (Page 2)","Parenting & Educational Strategy","Informational Search Intent"
72,"Must-Attend Festivals in the USA","https://mp.moonpreneur.com/blog/festivals-in-the-usa/","Must-Attend Festivals in the USA","1,183","Pos #16 (Page 2)","Parenting & Educational Strategy","Informational Search Intent"
73,"Popular Game Development Tools and Technologies","https://mp.moonpreneur.com/blog/game-development-tools-and-technologies/","Popular Game Development Tools and Technologies","1,338","Pos #5 (Page 1)","Parenting & Educational Strategy","Informational Search Intent"
74,"Transitioning from Early Childhood Special Education to Kindergarten","https://mp.moonpreneur.com/blog/early-childhood-special-education/","Transitioning from Early Childhood Special Education to Kindergarten","1,229","Pos #6 (Page 1)","Parenting & Educational Strategy","Informational Search Intent"
75,"Different types of game development: Which one is right for you?","https://mp.moonpreneur.com/blog/different-types-of-game-development/","Different types of game development: Which one is right for you?","1,396","Pos #7 (Page 1)","Parenting & Educational Strategy","Informational Search Intent"
76,"Robots in Disaster Response: Innovations in Crisis Management","https://mp.moonpreneur.com/blog/robots-in-disaster-response/","Robots in Disaster Response: Innovations in Crisis Management","1,275","Pos #8 (Page 1)","Parenting & Educational Strategy","Informational Search Intent"
77,"The Rise of Soft Robotics: Revolutionizing Automation for the Future","https://mp.moonpreneur.com/blog/the-rise-of-soft-robotics/","The Rise of Soft Robotics: Revolutionizing Automation for the Future","1,454","Pos #9 (Page 1)","STEM, Coding & AI Education","Informational Search Intent"
78,"Opposite Day Activities: Why Following Rules Isn't Fun Today","https://mp.moonpreneur.com/blog/opposite-day-activities/","Opposite Day Activities: Why Following Rules Isn't Fun Today","1,321","Pos #10 (Page 1)","Parenting & Educational Strategy","Informational Search Intent"
79,"10 Commandments for Fostering a Positive Learning Environment in US Schools","https://mp.moonpreneur.com/blog/commandments-in-school/","10 Commandments for Fostering a Positive Learning Environment in US Schools","1,344","Pos #11 (Page 2)","Parenting & Educational Strategy","Informational Search Intent"
80,"Best Summer Break Quotes for Kids","https://mp.moonpreneur.com/blog/summer-break-quotes-for-kids/","Best Summer Break Quotes for Kids","467","Pos #12 (Page 2)","Parenting & Educational Strategy","Commercial Investigation / Buyer Intent"
81,"Skill Maintenance and Continuous Improvement: Strategies for Sustained Excellence","https://mp.moonpreneur.com/blog/skill-maintenance-and-continuous-improvement/","Skill Maintenance and Continuous Improvement: Strategies for Sustained Excellence","1,570","Pos #3 (Page 1)","STEM, Coding & AI Education","Informational Search Intent"
82,"The Future of Swarm Robotics","https://mp.moonpreneur.com/blog/future-of-swarm-robotics/","The Future of Swarm Robotics","1,599","Pos #4 (Page 1)","STEM, Coding & AI Education","Informational Search Intent"
83,"Montessori at Home: Simple Tips for Every Parent","https://mp.moonpreneur.com/blog/montessori-at-home/","Montessori at Home: Simple Tips for Every Parent","536","Pos #15 (Page 2)","Parenting & Educational Strategy","Informational Search Intent"
84,"Busting Myths: Is Montessori Really That Bad For your child?","https://mp.moonpreneur.com/blog/busting-myths-is-montessori-really-that-bad/","Busting Myths: Is Montessori Really That Bad For your child?","559","Pos #16 (Page 2)","Parenting & Educational Strategy","Informational Search Intent"
85,"Open Communication with Teenagers: Tips for Building Strong Relationships","https://mp.moonpreneur.com/blog/open-communication-with-teenagers/","Open Communication with Teenagers: Tips for Building Strong Relationships","582","Pos #5 (Page 1)","Parenting & Educational Strategy","Informational Search Intent"
86,"Montessori vs. Traditional Education: Finding the Perfect Fit for Your Child","https://mp.moonpreneur.com/blog/montessori-education-vs-traditional-education/","Montessori vs. Traditional Education: Finding the Perfect Fit for Your Child","605","Pos #6 (Page 1)","Parenting & Educational Strategy","Informational Search Intent"
87,"Richland School District - All You Need To Know in 2024","https://mp.moonpreneur.com/blog/richland-school-district/","Richland School District - All You Need To Know in 2024","628","Pos #7 (Page 1)","Parenting & Educational Strategy","Informational Search Intent"
88,"Exploring the World of Virtual Robotics: A New Frontier in Learning","https://mp.moonpreneur.com/blog/world-of-virtual-robotics/","Exploring the World of Virtual Robotics: A New Frontier in Learning","1,773","Pos #10 (Page 1)","STEM, Coding & AI Education","Informational Search Intent"
89,"Understanding Teen Fatigue: Why Am I So Tired After School?","https://mp.moonpreneur.com/blog/understanding-teen-fatigue/","Understanding Teen Fatigue: Why Am I So Tired After School?","674","Pos #9 (Page 1)","Parenting & Educational Strategy","Informational Search Intent"
90,"McComb School District : Everything You Need To Know","https://mp.moonpreneur.com/blog/mccomb-school-district/","McComb School District : Everything You Need To Know","697","Pos #10 (Page 1)","Parenting & Educational Strategy","Informational Search Intent"
91,"Gap Year: Rising Seniors Consider Taking a Year Off?","https://mp.moonpreneur.com/blog/gap-year-should-rising-seniors/","Gap Year: Rising Seniors Consider Taking a Year Off?","720","Pos #11 (Page 2)","Parenting & Educational Strategy","Informational Search Intent"
92,"Play And Learn Engineering Educational STEM Games","https://mp.moonpreneur.com/blog/educational-stem-games/","Play And Learn Engineering Educational STEM Games","1,889","Pos #4 (Page 1)","Parenting & Educational Strategy","Informational Search Intent"
93,"Best Summer Movies for Kids","https://mp.moonpreneur.com/blog/summer-movies-for-kids/","Best Summer Movies for Kids","766","Pos #13 (Page 2)","Parenting & Educational Strategy","Commercial Investigation / Buyer Intent"
94,"Summer Art Projects For Kids","https://mp.moonpreneur.com/blog/summer-art-project-for-kids/","Summer Art Projects For Kids","789","Pos #14 (Page 2)","Parenting & Educational Strategy","Informational Search Intent"
95,"Low-Code vs. No-Code: A Guide for Young Entrepreneurs in 2024","https://mp.moonpreneur.com/blog/low-code-vs-no-code/","Low-Code vs. No-Code: A Guide for Young Entrepreneurs in 2024","812","Pos #15 (Page 2)","Parenting & Educational Strategy","Informational Search Intent"
96,"Tumwater School District","https://mp.moonpreneur.com/blog/tumwater-school-district/","Tumwater School District","835","Pos #16 (Page 2)","Parenting & Educational Strategy","Informational Search Intent"
97,"5 Creative Ways to Make Math Fun for Kids","https://mp.moonpreneur.com/blog/math-fun-for-kids/","5 Creative Ways to Make Math Fun for Kids","858","Pos #5 (Page 1)","Parenting & Educational Strategy","Informational Search Intent"
98,"Georgia Institute of Technology: Ranking, Fees & Admission","https://mp.moonpreneur.com/blog/georgia-institute-of-technology/","Georgia Institute of Technology: Ranking, Fees & Admission","881","Pos #6 (Page 1)","Parenting & Educational Strategy","Informational Search Intent"
99,"Will Robots Take Over The World? Exploring the Controversy","https://mp.moonpreneur.com/blog/will-robots-take-over-the-world/","Will Robots Take Over The World? Exploring the Controversy","904","Pos #7 (Page 1)","Parenting & Educational Strategy","Informational Search Intent"
100,"University of California Santa Cruz: Ranking, Fees & Admission","https://mp.moonpreneur.com/blog/uc-santa-cruz/","University of California Santa Cruz: Ranking, Fees & Admission","927","Pos #8 (Page 1)","Parenting & Educational Strategy","Informational Search Intent"
101,"Vocabulary Words For Kids To Improve Their  Language Skills","https://mp.moonpreneur.com/blog/vocabulary-words-for-kids/","Vocabulary Words For Kids To Improve Their  Language Skills","950","Pos #9 (Page 1)","Parenting & Educational Strategy","Informational Search Intent"
102,"Famous Quotes for Juneteenth: Juneteenth Independence Day","https://mp.moonpreneur.com/blog/quotes-for-juneteenth/","Famous Quotes for Juneteenth: Juneteenth Independence Day","973","Pos #10 (Page 1)","Parenting & Educational Strategy","Informational Search Intent"
103,"Introducing House Sitting: Your Ultimate Solution for Stress-Free Vacations","https://mp.moonpreneur.com/blog/house-sitting/","Introducing House Sitting: Your Ultimate Solution for Stress-Free Vacations","996","Pos #11 (Page 2)","Parenting & Educational Strategy","Informational Search Intent"
104,"Introducing the Stress-Busting Watch: Your Personal Peace Partner","https://mp.moonpreneur.com/blog/the-stress-busting-watch/","Introducing the Stress-Busting Watch: Your Personal Peace Partner","1,019","Pos #12 (Page 2)","Parenting & Educational Strategy","Informational Search Intent"
105,"The Touchless Trash Can: Revolutionizing Waste Disposal","https://mp.moonpreneur.com/blog/the-touchless-trash-can/","The Touchless Trash Can: Revolutionizing Waste Disposal","1,042","Pos #13 (Page 2)","Parenting & Educational Strategy","Informational Search Intent"
106,"Revolutionizing Navigation: The AI-Powered Blind Stick for Visually Impaired","https://mp.moonpreneur.com/blog/ai-powered-blind-stick/","Revolutionizing Navigation: The AI-Powered Blind Stick for Visually Impaired","2,295","Pos #8 (Page 1)","STEM, Coding & AI Education","Informational Search Intent"
107,"The E-Sorter: Innovative Touchless Operation for Kitchen Waste Management","https://mp.moonpreneur.com/blog/the-e-sorter/","The E-Sorter: Innovative Touchless Operation for Kitchen Waste Management","1,088","Pos #15 (Page 2)","Parenting & Educational Strategy","Informational Search Intent"
108,"Robotics Birthday Party for Kids: An Ultimate Guide","https://mp.moonpreneur.com/blog/robotics-birthday-party/","Robotics Birthday Party for Kids: An Ultimate Guide","2,353","Pos #10 (Page 1)","STEM, Coding & AI Education","Informational Search Intent"
109,"Introducing the Stress-Busting Watch: Your Personal Peace Partner","https://mp.moonpreneur.com/blog/stress-busting-watch/","Introducing the Stress-Busting Watch: Your Personal Peace Partner","1,134","Pos #5 (Page 1)","Parenting & Educational Strategy","Informational Search Intent"
110,"Introducing the SMART Gardener: Revolutionizing Plant Care with Technology","https://mp.moonpreneur.com/blog/smart-gardener/","Introducing the SMART Gardener: Revolutionizing Plant Care with Technology","1,157","Pos #6 (Page 1)","Parenting & Educational Strategy","Informational Search Intent"
111,"Bhoomi AI: A Great solution for Indian Farmer “Prosperous and Happy Farmer, Our Identity”","https://mp.moonpreneur.com/blog/bhoomi-ai-great-solution-for-indian-farmer/","Bhoomi AI: A Great solution for Indian Farmer “Prosperous and Happy Farmer, Our Identity”","2,440","Pos #3 (Page 1)","STEM, Coding & AI Education","Informational Search Intent"
112,"Data Privacy and Social Media: How to Be Safe and Have Fun For Kids","https://mp.moonpreneur.com/blog/data-privacy-social-media-safety-for-kids/","Data Privacy and Social Media: How to Be Safe and Have Fun For Kids","1,203","Pos #8 (Page 1)","Parenting & Educational Strategy","Informational Search Intent"
113,"Thanksgiving Riddles for Kids: A Feast of Fun!","https://mp.moonpreneur.com/blog/thanksgiving-riddles-for-kids/","Thanksgiving Riddles for Kids: A Feast of Fun!","1,226","Pos #9 (Page 1)","Parenting & Educational Strategy","Informational Search Intent"
114,"Future-Ready Skills: How Coding Prepares Kids for Tomorrow's Jobs","https://mp.moonpreneur.com/blog/coding-prepares-kids-for-tomorrows-jobs/","Future-Ready Skills: How Coding Prepares Kids for Tomorrow's Jobs","927","Pos #6 (Page 1)","STEM, Coding & AI Education","Informational Search Intent"
115,"The Ultimate Guide to Fantastic Food Science Experiments for Kids","https://mp.moonpreneur.com/blog/food-science-experiments-for-kids/","The Ultimate Guide to Fantastic Food Science Experiments for Kids","1,272","Pos #11 (Page 2)","Parenting & Educational Strategy","Informational Search Intent"
116,"Circuit Superhero: How to Make Learning Circuits Fun for Kids of All Ages","https://mp.moonpreneur.com/blog/circuit-superhero/","Circuit Superhero: How to Make Learning Circuits Fun for Kids of All Ages","1,295","Pos #12 (Page 2)","Parenting & Educational Strategy","Informational Search Intent"
117,"Best Thanksgiving Books for Kids","https://mp.moonpreneur.com/blog/thanksgiving-books-for-kids/","Best Thanksgiving Books for Kids","1,318","Pos #13 (Page 2)","Parenting & Educational Strategy","Commercial Investigation / Buyer Intent"
118,"Fairfax County Public Schools (FCPS), A Beacon Of Excellence In Education","https://mp.moonpreneur.com/blog/fairfax-county-public-schools/","Fairfax County Public Schools (FCPS), A Beacon Of Excellence In Education","1,043","Pos #10 (Page 1)","STEM, Coding & AI Education","Informational Search Intent"
119,"Empower Kids through Digital Storytelling","https://mp.moonpreneur.com/blog/empower-kids-through-digital-storytelling/","Empower Kids through Digital Storytelling","464","Pos #15 (Page 2)","Parenting & Educational Strategy","Informational Search Intent"
